{"cameraMode":{"drawMode":0,"name":"Shaded","section":"Shading Mode"},"sceneLighting":true,"audioPlay":false,"sceneViewState":{"m_AlwaysRefresh":false,"showFog":true,"showSkybox":true,"showFlares":true,"showImageEffects":true,"showParticleSystems":true,"showVisualEffectGraphs":true,"m_FxEnabled":false},"in2DMode":false,"pivot":{"x":20.823293685913087,"y":6.051005840301514,"z":-0.8727219104766846},"rotation":{"x":0.11540236324071884,"y":-0.8464593887329102,"z":0.20414254069328309,"w":0.4780985414981842},"size":0.7141428589820862,"orthographic":false}