{"cameraMode":{"drawMode":0,"name":"Shaded","section":"Shading Mode"},"sceneLighting":true,"audioPlay":false,"sceneViewState":{"m_AlwaysRefresh":false,"showFog":true,"showSkybox":true,"showFlares":true,"showImageEffects":true,"showParticleSystems":true,"showVisualEffectGraphs":true,"m_FxEnabled":false},"in2DMode":false,"pivot":{"x":10.973006248474121,"y":-11.901702880859375,"z":26.268901824951173},"rotation":{"x":-0.22387444972991944,"y":0.03267350047826767,"z":-0.007858458906412125,"w":-0.9741642475128174},"size":17.193172454833986,"orthographic":false}