{"cameraMode":{"drawMode":0,"name":"Shaded","section":"Shading Mode"},"sceneLighting":true,"audioPlay":false,"sceneViewState":{"m_AlwaysRefresh":false,"showFog":true,"showSkybox":true,"showFlares":true,"showImageEffects":true,"showParticleSystems":true,"showVisualEffectGraphs":true,"m_FxEnabled":true},"in2DMode":false,"pivot":{"x":17.56885528564453,"y":3.2131142616271974,"z":0.8416226506233215},"rotation":{"x":0.18286742269992829,"y":-0.8072978854179382,"z":0.32057419419288638,"w":0.4605117440223694},"size":14.52359676361084,"orthographic":true}