{"cameraMode":{"drawMode":0,"name":"Shaded","section":"Shading Mode"},"sceneLighting":false,"audioPlay":false,"sceneViewState":{"m_AlwaysRefresh":false,"showFog":true,"showSkybox":false,"showFlares":true,"showImageEffects":true,"showParticleSystems":true,"showVisualEffectGraphs":true,"m_FxEnabled":false},"in2DMode":false,"pivot":{"x":19.216211318969728,"y":2.4827308654785158,"z":-15.27644157409668},"rotation":{"x":0.01815732754766941,"y":-0.9780614972114563,"z":0.18435236811637879,"w":0.09650315344333649},"size":1.879940152168274,"orthographic":false}