{"cameraMode":{"drawMode":0,"name":"Shaded","section":"Shading Mode"},"sceneLighting":false,"audioPlay":false,"sceneViewState":{"m_AlwaysRefresh":false,"showFog":true,"showSkybox":false,"showFlares":true,"showImageEffects":true,"showParticleSystems":true,"showVisualEffectGraphs":true,"m_FxEnabled":false},"in2DMode":false,"pivot":{"x":41.56550216674805,"y":5.029999732971191,"z":-2.1046998500823976},"rotation":{"x":0.060346536338329318,"y":-0.9259870648384094,"z":0.33309468626976015,"w":0.16788819432258607},"size":1.3990540504455567,"orthographic":false}