{"cameraMode":{"drawMode":0,"name":"Shaded","section":"Shading Mode"},"sceneLighting":false,"audioPlay":false,"sceneViewState":{"m_AlwaysRefresh":false,"showFog":true,"showSkybox":false,"showFlares":true,"showImageEffects":true,"showParticleSystems":true,"showVisualEffectGraphs":true,"m_FxEnabled":false},"in2DMode":false,"pivot":{"x":41.57892608642578,"y":3.4197282791137697,"z":-2.390153646469116},"rotation":{"x":0.060346536338329318,"y":-0.9259870648384094,"z":0.33309468626976015,"w":0.16788819432258607},"size":4.467299938201904,"orthographic":false}