{"cameraMode":{"drawMode":0,"name":"Shaded","section":"Shading Mode"},"sceneLighting":false,"audioPlay":false,"sceneViewState":{"m_AlwaysRefresh":false,"showFog":true,"showSkybox":false,"showFlares":true,"showImageEffects":true,"showParticleSystems":true,"showVisualEffectGraphs":true,"m_FxEnabled":false},"in2DMode":false,"pivot":{"x":11.150615692138672,"y":-0.9044184684753418,"z":-10.444026947021485},"rotation":{"x":0.10261595994234085,"y":-0.8478422164916992,"z":0.17774344980716706,"w":0.48899784684181216},"size":4.682948112487793,"orthographic":false}