{"cameraMode":{"drawMode":0,"name":"Shaded","section":"Shading Mode"},"sceneLighting":false,"audioPlay":false,"sceneViewState":{"m_AlwaysRefresh":false,"showFog":true,"showSkybox":false,"showFlares":true,"showImageEffects":true,"showParticleSystems":true,"showVisualEffectGraphs":true,"m_FxEnabled":false},"in2DMode":false,"pivot":{"x":15.185731887817383,"y":6.169787406921387,"z":-8.908109664916993},"rotation":{"x":0.06574077904224396,"y":-0.40276476740837099,"z":0.029261590912938119,"w":0.9127823114395142},"size":1.3061106204986573,"orthographic":false}