{"cameraMode":{"drawMode":0,"name":"Shaded","section":"Shading Mode"},"sceneLighting":false,"audioPlay":false,"sceneViewState":{"m_AlwaysRefresh":false,"showFog":true,"showSkybox":false,"showFlares":true,"showImageEffects":true,"showParticleSystems":true,"showVisualEffectGraphs":true,"m_FxEnabled":true},"in2DMode":false,"pivot":{"x":-1.1169536113739014,"y":4.16761589050293,"z":-13.824146270751954},"rotation":{"x":0.24858395755290986,"y":0.00331355188973248,"z":0.00028780606226064265,"w":0.9688952565193176},"size":2.598076105117798,"orthographic":false}