{"cameraMode":{"drawMode":0,"name":"Shaded","section":"Shading Mode"},"sceneLighting":false,"audioPlay":false,"sceneViewState":{"m_AlwaysRefresh":false,"showFog":true,"showSkybox":false,"showFlares":true,"showImageEffects":true,"showParticleSystems":true,"showVisualEffectGraphs":true,"m_FxEnabled":true},"in2DMode":false,"pivot":{"x":11.241852760314942,"y":2.5972681045532228,"z":-0.15627026557922364},"rotation":{"x":0.1376342624425888,"y":-0.24313506484031678,"z":0.03507225215435028,"w":0.9597328901290894},"size":2.598076105117798,"orthographic":false}