{"cameraMode":{"drawMode":0,"name":"Shaded","section":"Shading Mode"},"sceneLighting":false,"audioPlay":false,"sceneViewState":{"m_AlwaysRefresh":false,"showFog":true,"showSkybox":false,"showFlares":true,"showImageEffects":true,"showParticleSystems":true,"showVisualEffectGraphs":true,"m_FxEnabled":true},"in2DMode":false,"pivot":{"x":9.381635665893555,"y":9.125720977783204,"z":11.147848129272461},"rotation":{"x":0.0014156489633023739,"y":0.9769911170005798,"z":-0.21345411241054536,"w":0.0064501636661589149},"size":1.645111083984375,"orthographic":false}